[{"model": "miapi.releasetype", "pk": 1, "fields": {"name": "LP"}}, {"model": "miapi.releasetype", "pk": 2, "fields": {"name": "7-inch"}}, {"model": "miapi.releasetype", "pk": 3, "fields": {"name": "10-inch"}}, {"model": "miapi.releasetype", "pk": 4, "fields": {"name": "12-inch"}}, {"model": "miapi.release", "pk": 1, "fields": {"title": "Hatful Of Hollow", "release_type": 1, "year": "1985", "catalog_number": "RTRANZ009", "label": "Rough Trade", "image": "https://api-img.discogs.com/Fw8boWnjmsvikNOSjJrNVUpMM58=/fit-in/150x150/filters:strip_icc():format(jpeg):mode_rgb():quality(40)/discogs-images/R-3637911-1338415198-5250.jpeg.jpg"}}, {"model": "miapi.release", "pk": 2, "fields": {"title": "Eminence Front", "release_type": 4, "year": "1982", "catalog_number": "PRO-A-1087", "label": "Warner Bros. Records", "image": "https://api-img.discogs.com/Fa9supHDmqd6ki8LQHaZY3tEEnQ=/fit-in/150x150/filters:strip_icc():format(jpeg):mode_rgb():quality(40)/discogs-images/R-897331-1277135330.jpeg.jpg"}}, {"model": "miapi.release", "pk": 3, "fields": {"title": "It's Hard", "release_type": 1, "year": "1982", "catalog_number": "9 23731-1", "label": "Warner Bros. Records", "image": "https://api-img.discogs.com/CpiOFiGs96Uan5BucxlmTHt3nMk=/fit-in/150x150/filters:strip_icc():format(jpeg):mode_rgb():quality(40)/discogs-images/R-7316250-1439144336-3558.jpeg.jpg"}}, {"model": "miapi.release", "pk": 4, "fields": {"title": "Louder Than Bombs", "release_type": 1, "year": "1987", "catalog_number": "1-25569", "label": "Sire", "image": "https://api-img.discogs.com/r9WxbVwNVCc1vZzLNJFMJfmVR8U=/fit-in/150x150/filters:strip_icc():format(jpeg):mode_rgb():quality(40)/discogs-images/R-9685988-1484753230-9086.jpeg.jpg"}}, {"model": "miapi.release", "pk": 5, "fields": {"title": "Can't Buy A Thrill", "release_type": 1, "year": "1972", "catalog_number": "ABCX 758", "label": "ABC Records", "image": "https://api-img.discogs.com/dU2aBockX1ZGtdGv4ujrz-Gbw04=/fit-in/150x150/filters:strip_icc():format(jpeg):mode_rgb():quality(40)/discogs-images/R-7001010-1431386207-4596.jpeg.jpg"}}, {"model": "miapi.release", "pk": 6, "fields": {"title": "Bad", "release_type": 1, "year": "1989", "catalog_number": "11 0576-1 311", "label": "CBS", "image": "https://api-img.discogs.com/RgP22puf9xjc3HmrT83JVgmypwY=/fit-in/150x150/filters:strip_icc():format(jpeg):mode_rgb():quality(40)/discogs-images/R-1259785-1318257761.jpeg.jpg"}}, {"model": "miapi.release", "pk": 7, "fields": {"title": "Thriller", "release_type": 1, "year": "1982", "catalog_number": "ELPS 4328", "label": "Epic", "image": "https://api-img.discogs.com/ls80F3FbgEIUjZEiAfUJ_H-fiYE=/fit-in/150x150/filters:strip_icc():format(jpeg):mode_rgb():quality(40)/discogs-images/R-322540-1353322914-3995.jpeg.jpg"}}, {"model": "miapi.release", "pk": 8, "fields": {"title": "Madonna", "release_type": 1, "year": "1983", "catalog_number": "92 38671", "label": "Sire", "image": "https://api-img.discogs.com/WZm-m4zw2QbQzi3r94-eu7vGncE=/fit-in/150x150/filters:strip_icc():format(jpeg):mode_rgb():quality(40)/discogs-images/R-6341407-1416873319-3482.jpeg.jpg"}}, {"model": "miapi.release", "pk": 9, "fields": {"title": "We All Belong", "release_type": 1, "year": "2007", "catalog_number": "PTV-17", "label": "Park The Van Records", "image": "https://api-img.discogs.com/XoKDb5NevulIz_et0gWvh-z2R4w=/fit-in/150x150/filters:strip_icc():format(jpeg):mode_rgb():quality(40)/discogs-images/R-1634334-1469657641-8306.jpeg.jpg"}}, {"model": "miapi.release", "pk": 10, "fields": {"title": "Live At A Flamingo Hotel", "release_type": 1, "year": "2015", "catalog_number": "87395-1", "label": "Anti-", "image": "https://api-img.discogs.com/NXdoy1LVJIjqWkbOrVy_dI4eySA=/fit-in/150x150/filters:strip_icc():format(jpeg):mode_rgb():quality(40)/discogs-images/R-6514003-1420986225-2115.jpeg.jpg"}}, {"model": "miapi.release", "pk": 11, "fields": {"title": "California Girls / Let Him Run Wild / Please Let Me Wonder / Do You Want To Dance", "release_type": 2, "year": "1966", "catalog_number": "EAP 1-20750", "label": "Capitol Records", "image": "https://api-img.discogs.com/KQCFGDNg1TGhIt9C_mS3q9Im2qY=/fit-in/150x150/filters:strip_icc():format(jpeg):mode_rgb():quality(40)/discogs-images/R-4487453-1366298961-4122.jpeg.jpg"}}, {"model": "miapi.release", "pk": 12, "fields": {"title": "My Aim Is True", "release_type": 1, "year": "1978", "catalog_number": "JC 35037", "label": "Columbia", "image": "https://api-img.discogs.com/X5T94Cer9JnukQcCVsQvKZJsjuo=/fit-in/150x150/filters:strip_icc():format(jpeg):mode_rgb():quality(40)/discogs-images/R-2343062-1379702733-7426.jpeg.jpg"}}, {"model": "miapi.release", "pk": 13, "fields": {"title": "Lucky Star", "release_type": 2, "year": "1984", "catalog_number": "920 149-0", "label": "Sire", "image": "https://api-img.discogs.com/a5j3p6q_Rz5zaoLz6j3kIdqsm_Y=/fit-in/150x150/filters:strip_icc():format(jpeg):mode_rgb():quality(40)/discogs-images/R-662423-1290814534.jpeg.jpg"}}, {"model": "miapi.release", "pk": 14, "fields": {"title": "The Cars", "release_type": 1, "year": "1978", "catalog_number": "ELK 52 088", "label": "Elektra", "image": "https://api-img.discogs.com/gbo5Vx1EgkhEFfJ-C-eD7xP6XEo=/fit-in/150x150/filters:strip_icc():format(jpeg):mode_rgb():quality(40)/discogs-images/R-2626822-1352910252-5595.jpeg.jpg"}}, {"model": "miapi.userrelease", "pk": 4, "fields": {"user": 1, "release": 1, "own": 1}}, {"model": "miapi.userrelease", "pk": 6, "fields": {"user": 1, "release": 3, "own": 1}}, {"model": "miapi.userrelease", "pk": 7, "fields": {"user": 1, "release": 4, "own": 1}}, {"model": "miapi.userrelease", "pk": 8, "fields": {"user": 1, "release": 5, "own": 0}}, {"model": "miapi.userrelease", "pk": 9, "fields": {"user": 1, "release": 6, "own": 1}}, {"model": "miapi.userrelease", "pk": 10, "fields": {"user": 1, "release": 7, "own": 1}}, {"model": "miapi.userrelease", "pk": 11, "fields": {"user": 1, "release": 8, "own": 1}}, {"model": "miapi.userrelease", "pk": 12, "fields": {"user": 1, "release": 9, "own": 1}}, {"model": "miapi.userrelease", "pk": 13, "fields": {"user": 1, "release": 10, "own": 1}}, {"model": "miapi.userrelease", "pk": 14, "fields": {"user": 1, "release": 11, "own": 1}}, {"model": "miapi.userrelease", "pk": 15, "fields": {"user": 1, "release": 12, "own": 1}}, {"model": "miapi.userrelease", "pk": 16, "fields": {"user": 1, "release": 13, "own": 1}}, {"model": "miapi.userrelease", "pk": 17, "fields": {"user": 1, "release": 14, "own": 0}}, {"model": "miapi.artist", "pk": 1, "fields": {"name": "The Smiths"}}, {"model": "miapi.artist", "pk": 2, "fields": {"name": "The Who"}}, {"model": "miapi.artist", "pk": 3, "fields": {"name": "Steely Dan"}}, {"model": "miapi.artist", "pk": 4, "fields": {"name": "Michael Jackson"}}, {"model": "miapi.artist", "pk": 5, "fields": {"name": "Madonna"}}, {"model": "miapi.artist", "pk": 6, "fields": {"name": "Dr. Dog"}}, {"model": "miapi.artist", "pk": 7, "fields": {"name": "The Beach Boys"}}, {"model": "miapi.artist", "pk": 8, "fields": {"name": "Elvis Costello"}}, {"model": "miapi.artist", "pk": 9, "fields": {"name": "The Cars"}}, {"model": "miapi.track", "pk": 1, "fields": {"artist": 1, "title": "William, It Was Really Nothing"}}, {"model": "miapi.track", "pk": 2, "fields": {"artist": 1, "title": "What Difference Does It Make?"}}, {"model": "miapi.track", "pk": 3, "fields": {"artist": 1, "title": "These Things Take Time"}}, {"model": "miapi.track", "pk": 4, "fields": {"artist": 1, "title": "This Charming Man"}}, {"model": "miapi.track", "pk": 5, "fields": {"artist": 1, "title": "How Soon Is Now?"}}, {"model": "miapi.track", "pk": 6, "fields": {"artist": 1, "title": "Handsome Devil"}}, {"model": "miapi.track", "pk": 7, "fields": {"artist": 1, "title": "Hand In Glove"}}, {"model": "miapi.track", "pk": 8, "fields": {"artist": 1, "title": "Still Ill"}}, {"model": "miapi.track", "pk": 9, "fields": {"artist": 1, "title": "Heaven Knows I'm Miserable Now"}}, {"model": "miapi.track", "pk": 10, "fields": {"artist": 1, "title": "This Night Has Opened My Eyes"}}, {"model": "miapi.track", "pk": 11, "fields": {"artist": 1, "title": "You've Got Everything Now"}}, {"model": "miapi.track", "pk": 12, "fields": {"artist": 1, "title": "Accept Yourself"}}, {"model": "miapi.track", "pk": 13, "fields": {"artist": 1, "title": "Girl Afraid"}}, {"model": "miapi.track", "pk": 14, "fields": {"artist": 1, "title": "Back To The Old House"}}, {"model": "miapi.track", "pk": 15, "fields": {"artist": 1, "title": "Reel Around The Fountain"}}, {"model": "miapi.track", "pk": 16, "fields": {"artist": 1, "title": "Please Please Please, Let Me Get What I Want"}}, {"model": "miapi.track", "pk": 17, "fields": {"artist": 2, "title": "Eminence Front (Edit)"}}, {"model": "miapi.track", "pk": 18, "fields": {"artist": 2, "title": "Eminence Front (LP Version)"}}, {"model": "miapi.track", "pk": 19, "fields": {"artist": 2, "title": "Athena"}}, {"model": "miapi.track", "pk": 20, "fields": {"artist": 2, "title": "It's Your Turn"}}, {"model": "miapi.track", "pk": 21, "fields": {"artist": 2, "title": "Cook's County"}}, {"model": "miapi.track", "pk": 22, "fields": {"artist": 2, "title": "It's Hard"}}, {"model": "miapi.track", "pk": 23, "fields": {"artist": 2, "title": "Dangerous"}}, {"model": "miapi.track", "pk": 24, "fields": {"artist": 2, "title": "Eminence Front"}}, {"model": "miapi.track", "pk": 25, "fields": {"artist": 2, "title": "I've Known No War"}}, {"model": "miapi.track", "pk": 26, "fields": {"artist": 2, "title": "One Life's Enough"}}, {"model": "miapi.track", "pk": 27, "fields": {"artist": 2, "title": "One At A Time"}}, {"model": "miapi.track", "pk": 28, "fields": {"artist": 2, "title": "Why Did I Fall For That"}}, {"model": "miapi.track", "pk": 29, "fields": {"artist": 2, "title": "A Man Is A Man"}}, {"model": "miapi.track", "pk": 30, "fields": {"artist": 2, "title": "Cry If You Want"}}, {"model": "miapi.track", "pk": 31, "fields": {"artist": 1, "title": "Is It Really So Strange?"}}, {"model": "miapi.track", "pk": 32, "fields": {"artist": 1, "title": "Sheila Take A Bow"}}, {"model": "miapi.track", "pk": 33, "fields": {"artist": 1, "title": "Shoplifters Of The World Unite"}}, {"model": "miapi.track", "pk": 34, "fields": {"artist": 1, "title": "Sweet And Tender Hooligan"}}, {"model": "miapi.track", "pk": 35, "fields": {"artist": 1, "title": "Half A Person"}}, {"model": "miapi.track", "pk": 36, "fields": {"artist": 1, "title": "London"}}, {"model": "miapi.track", "pk": 37, "fields": {"artist": 1, "title": "Panic"}}, {"model": "miapi.track", "pk": 38, "fields": {"artist": 1, "title": "Shakespeare's Sister"}}, {"model": "miapi.track", "pk": 39, "fields": {"artist": 1, "title": "You Just Haven't Earned It Yet, Baby"}}, {"model": "miapi.track", "pk": 40, "fields": {"artist": 1, "title": "Ask"}}, {"model": "miapi.track", "pk": 41, "fields": {"artist": 1, "title": "Golden Lights"}}, {"model": "miapi.track", "pk": 42, "fields": {"artist": 1, "title": "Oscillate Wildly"}}, {"model": "miapi.track", "pk": 43, "fields": {"artist": 1, "title": "Rubber Ring"}}, {"model": "miapi.track", "pk": 44, "fields": {"artist": 1, "title": "Stretch Out And Wait"}}, {"model": "miapi.track", "pk": 45, "fields": {"artist": 1, "title": "Please Please Please Let Me Get What I Want"}}, {"model": "miapi.track", "pk": 46, "fields": {"artist": 1, "title": "Unloveable"}}, {"model": "miapi.track", "pk": 47, "fields": {"artist": 1, "title": "Asleep"}}, {"model": "miapi.track", "pk": 48, "fields": {"artist": 3, "title": "Do It Again"}}, {"model": "miapi.track", "pk": 49, "fields": {"artist": 3, "title": "Dirty Work"}}, {"model": "miapi.track", "pk": 50, "fields": {"artist": 3, "title": "Kings"}}, {"model": "miapi.track", "pk": 51, "fields": {"artist": 3, "title": "Midnight Cruiser"}}, {"model": "miapi.track", "pk": 52, "fields": {"artist": 3, "title": "Only A Fool"}}, {"model": "miapi.track", "pk": 53, "fields": {"artist": 3, "title": "Reeling In The Years"}}, {"model": "miapi.track", "pk": 54, "fields": {"artist": 3, "title": "Fire In The Hole"}}, {"model": "miapi.track", "pk": 55, "fields": {"artist": 3, "title": "Brooklyn"}}, {"model": "miapi.track", "pk": 56, "fields": {"artist": 3, "title": "Change Of The Guard"}}, {"model": "miapi.track", "pk": 57, "fields": {"artist": 3, "title": "Turn That Heartbeat Over Again"}}, {"model": "miapi.track", "pk": 58, "fields": {"artist": 4, "title": "Bad"}}, {"model": "miapi.track", "pk": 59, "fields": {"artist": 4, "title": "The Way You Make Me Feel"}}, {"model": "miapi.track", "pk": 60, "fields": {"artist": 4, "title": "Speed Demon"}}, {"model": "miapi.track", "pk": 61, "fields": {"artist": 4, "title": "Liberian Girl"}}, {"model": "miapi.track", "pk": 62, "fields": {"artist": 4, "title": "Just Good Friends"}}, {"model": "miapi.track", "pk": 63, "fields": {"artist": 4, "title": "Another Part Of Me"}}, {"model": "miapi.track", "pk": 64, "fields": {"artist": 4, "title": "Man In The Mirror"}}, {"model": "miapi.track", "pk": 65, "fields": {"artist": 4, "title": "I Just Can't Stop Loving You"}}, {"model": "miapi.track", "pk": 66, "fields": {"artist": 4, "title": "Dirty Diana"}}, {"model": "miapi.track", "pk": 67, "fields": {"artist": 4, "title": "Smooth Criminal"}}, {"model": "miapi.track", "pk": 68, "fields": {"artist": 4, "title": "Wanna Be Startin' Something"}}, {"model": "miapi.track", "pk": 69, "fields": {"artist": 4, "title": "Baby Be Mine"}}, {"model": "miapi.track", "pk": 70, "fields": {"artist": 4, "title": "The Girl Is Mine"}}, {"model": "miapi.track", "pk": 71, "fields": {"artist": 4, "title": "Thriller"}}, {"model": "miapi.track", "pk": 72, "fields": {"artist": 4, "title": "Beat It"}}, {"model": "miapi.track", "pk": 73, "fields": {"artist": 4, "title": "Billie Jean"}}, {"model": "miapi.track", "pk": 74, "fields": {"artist": 4, "title": "Human Nature"}}, {"model": "miapi.track", "pk": 75, "fields": {"artist": 4, "title": "P.Y.T. (Pretty Young Thing)"}}, {"model": "miapi.track", "pk": 76, "fields": {"artist": 4, "title": "The Lady In My Life"}}, {"model": "miapi.track", "pk": 77, "fields": {"artist": 5, "title": "Lucky Star"}}, {"model": "miapi.track", "pk": 78, "fields": {"artist": 5, "title": "Borderline"}}, {"model": "miapi.track", "pk": 79, "fields": {"artist": 5, "title": "Burning Up"}}, {"model": "miapi.track", "pk": 80, "fields": {"artist": 5, "title": "I Know It"}}, {"model": "miapi.track", "pk": 81, "fields": {"artist": 5, "title": "Holiday"}}, {"model": "miapi.track", "pk": 82, "fields": {"artist": 5, "title": "Think Of Me"}}, {"model": "miapi.track", "pk": 83, "fields": {"artist": 5, "title": "Physical Attraction"}}, {"model": "miapi.track", "pk": 84, "fields": {"artist": 5, "title": "Everybody"}}, {"model": "miapi.track", "pk": 85, "fields": {"artist": 6, "title": "Old News"}}, {"model": "miapi.track", "pk": 86, "fields": {"artist": 6, "title": "My Old Ways"}}, {"model": "miapi.track", "pk": 87, "fields": {"artist": 6, "title": "Keep A Friend"}}, {"model": "miapi.track", "pk": 88, "fields": {"artist": 6, "title": "The Girl"}}, {"model": "miapi.track", "pk": 89, "fields": {"artist": 6, "title": "Alaska"}}, {"model": "miapi.track", "pk": 90, "fields": {"artist": 6, "title": "Weekend"}}, {"model": "miapi.track", "pk": 91, "fields": {"artist": 6, "title": "Ain't It Strange"}}, {"model": "miapi.track", "pk": 92, "fields": {"artist": 6, "title": "Worst Trip"}}, {"model": "miapi.track", "pk": 93, "fields": {"artist": 6, "title": "The Way The Lazy Do"}}, {"model": "miapi.track", "pk": 94, "fields": {"artist": 6, "title": "Die, Die, Die"}}, {"model": "miapi.track", "pk": 95, "fields": {"artist": 6, "title": "We All Belong"}}, {"model": "miapi.track", "pk": 96, "fields": {"artist": 6, "title": "These Days"}}, {"model": "miapi.track", "pk": 97, "fields": {"artist": 6, "title": "That Old Black Hole"}}, {"model": "miapi.track", "pk": 98, "fields": {"artist": 6, "title": "Heart It Races"}}, {"model": "miapi.track", "pk": 99, "fields": {"artist": 6, "title": "How Long Must I Wait"}}, {"model": "miapi.track", "pk": 100, "fields": {"artist": 6, "title": "The Beach"}}, {"model": "miapi.track", "pk": 101, "fields": {"artist": 6, "title": "The Truth"}}, {"model": "miapi.track", "pk": 102, "fields": {"artist": 6, "title": "Too Weak To Ramble"}}, {"model": "miapi.track", "pk": 103, "fields": {"artist": 6, "title": "Say Ahhh"}}, {"model": "miapi.track", "pk": 104, "fields": {"artist": 6, "title": "Jackie Wants A Black Eye"}}, {"model": "miapi.track", "pk": 105, "fields": {"artist": 6, "title": "Stranger"}}, {"model": "miapi.track", "pk": 106, "fields": {"artist": 6, "title": "Heavy Light"}}, {"model": "miapi.track", "pk": 107, "fields": {"artist": 6, "title": "Shame, Shame"}}, {"model": "miapi.track", "pk": 108, "fields": {"artist": 6, "title": "County Line"}}, {"model": "miapi.track", "pk": 109, "fields": {"artist": 6, "title": "Shadow People"}}, {"model": "miapi.track", "pk": 110, "fields": {"artist": 6, "title": "Broken Heart"}}, {"model": "miapi.track", "pk": 111, "fields": {"artist": 6, "title": "The Rabbit, The Bat, And The Reindeer"}}, {"model": "miapi.track", "pk": 112, "fields": {"artist": 6, "title": "Lonesome"}}, {"model": "miapi.track", "pk": 113, "fields": {"artist": 7, "title": "California Girls"}}, {"model": "miapi.track", "pk": 114, "fields": {"artist": 7, "title": "Let Him Run Wild (D\u00e9jale Correr)"}}, {"model": "miapi.track", "pk": 115, "fields": {"artist": 7, "title": "Please Let Me Wonder (D\u00e9jame Pensar)"}}, {"model": "miapi.track", "pk": 116, "fields": {"artist": 7, "title": "Do You Want To Dance (\u00bfQuieres Bailar?)"}}, {"model": "miapi.track", "pk": 117, "fields": {"artist": 8, "title": "Welcome To The Working Week"}}, {"model": "miapi.track", "pk": 118, "fields": {"artist": 8, "title": "Miracle Man"}}, {"model": "miapi.track", "pk": 119, "fields": {"artist": 8, "title": "No Dancing"}}, {"model": "miapi.track", "pk": 120, "fields": {"artist": 8, "title": "Blame It On Cain"}}, {"model": "miapi.track", "pk": 121, "fields": {"artist": 8, "title": "Alison"}}, {"model": "miapi.track", "pk": 122, "fields": {"artist": 8, "title": "Sneaky Feelings"}}, {"model": "miapi.track", "pk": 123, "fields": {"artist": 8, "title": "Watching The Detectives"}}, {"model": "miapi.track", "pk": 124, "fields": {"artist": 8, "title": "(The Angels Wanna Wear My) Red Shoes"}}, {"model": "miapi.track", "pk": 125, "fields": {"artist": 8, "title": "Less Than Zero"}}, {"model": "miapi.track", "pk": 126, "fields": {"artist": 8, "title": "Mystery Dance"}}, {"model": "miapi.track", "pk": 127, "fields": {"artist": 8, "title": "Pay It Back"}}, {"model": "miapi.track", "pk": 128, "fields": {"artist": 8, "title": "I'm Not Angry"}}, {"model": "miapi.track", "pk": 129, "fields": {"artist": 8, "title": "Waiting For The End Of The World"}}, {"model": "miapi.track", "pk": 130, "fields": {"artist": 5, "title": "Lucky Star"}}, {"model": "miapi.track", "pk": 131, "fields": {"artist": 9, "title": "Good Times Roll"}}, {"model": "miapi.track", "pk": 132, "fields": {"artist": 9, "title": "My Best Friend's Girl"}}, {"model": "miapi.track", "pk": 133, "fields": {"artist": 9, "title": "Just What I Needed"}}, {"model": "miapi.track", "pk": 134, "fields": {"artist": 9, "title": "I'm In Touch With Your World"}}, {"model": "miapi.track", "pk": 135, "fields": {"artist": 9, "title": "Don't Cha Stop"}}, {"model": "miapi.track", "pk": 136, "fields": {"artist": 9, "title": "You're All I've Got Tonight"}}, {"model": "miapi.track", "pk": 137, "fields": {"artist": 9, "title": "Bye Bye Love"}}, {"model": "miapi.track", "pk": 138, "fields": {"artist": 9, "title": "Moving In Stereo"}}, {"model": "miapi.track", "pk": 139, "fields": {"artist": 9, "title": "All Mixed Up"}}, {"model": "miapi.trackrelease", "pk": 1, "fields": {"track": 1, "release": 1, "position": "A1"}}, {"model": "miapi.trackrelease", "pk": 2, "fields": {"track": 2, "release": 1, "position": "A2"}}, {"model": "miapi.trackrelease", "pk": 3, "fields": {"track": 3, "release": 1, "position": "A3"}}, {"model": "miapi.trackrelease", "pk": 4, "fields": {"track": 4, "release": 1, "position": "A4"}}, {"model": "miapi.trackrelease", "pk": 5, "fields": {"track": 5, "release": 1, "position": "A5"}}, {"model": "miapi.trackrelease", "pk": 6, "fields": {"track": 6, "release": 1, "position": "A6"}}, {"model": "miapi.trackrelease", "pk": 7, "fields": {"track": 7, "release": 1, "position": "A7"}}, {"model": "miapi.trackrelease", "pk": 8, "fields": {"track": 8, "release": 1, "position": "A8"}}, {"model": "miapi.trackrelease", "pk": 9, "fields": {"track": 9, "release": 1, "position": "B1"}}, {"model": "miapi.trackrelease", "pk": 10, "fields": {"track": 10, "release": 1, "position": "B2"}}, {"model": "miapi.trackrelease", "pk": 11, "fields": {"track": 11, "release": 1, "position": "B3"}}, {"model": "miapi.trackrelease", "pk": 12, "fields": {"track": 12, "release": 1, "position": "B4"}}, {"model": "miapi.trackrelease", "pk": 13, "fields": {"track": 13, "release": 1, "position": "B5"}}, {"model": "miapi.trackrelease", "pk": 14, "fields": {"track": 14, "release": 1, "position": "B6"}}, {"model": "miapi.trackrelease", "pk": 15, "fields": {"track": 15, "release": 1, "position": "B7"}}, {"model": "miapi.trackrelease", "pk": 16, "fields": {"track": 16, "release": 1, "position": "B8"}}, {"model": "miapi.trackrelease", "pk": 17, "fields": {"track": 17, "release": 2, "position": "A"}}, {"model": "miapi.trackrelease", "pk": 18, "fields": {"track": 18, "release": 2, "position": "B"}}, {"model": "miapi.trackrelease", "pk": 19, "fields": {"track": 19, "release": 3, "position": "A1"}}, {"model": "miapi.trackrelease", "pk": 20, "fields": {"track": 20, "release": 3, "position": "A2"}}, {"model": "miapi.trackrelease", "pk": 21, "fields": {"track": 21, "release": 3, "position": "A3"}}, {"model": "miapi.trackrelease", "pk": 22, "fields": {"track": 22, "release": 3, "position": "A4"}}, {"model": "miapi.trackrelease", "pk": 23, "fields": {"track": 23, "release": 3, "position": "A5"}}, {"model": "miapi.trackrelease", "pk": 24, "fields": {"track": 24, "release": 3, "position": "A6"}}, {"model": "miapi.trackrelease", "pk": 25, "fields": {"track": 25, "release": 3, "position": "B1"}}, {"model": "miapi.trackrelease", "pk": 26, "fields": {"track": 26, "release": 3, "position": "B2"}}, {"model": "miapi.trackrelease", "pk": 27, "fields": {"track": 27, "release": 3, "position": "B3"}}, {"model": "miapi.trackrelease", "pk": 28, "fields": {"track": 28, "release": 3, "position": "B4"}}, {"model": "miapi.trackrelease", "pk": 29, "fields": {"track": 29, "release": 3, "position": "B5"}}, {"model": "miapi.trackrelease", "pk": 30, "fields": {"track": 30, "release": 3, "position": "B6"}}, {"model": "miapi.trackrelease", "pk": 31, "fields": {"track": 31, "release": 4, "position": "A1"}}, {"model": "miapi.trackrelease", "pk": 32, "fields": {"track": 32, "release": 4, "position": "A2"}}, {"model": "miapi.trackrelease", "pk": 33, "fields": {"track": 33, "release": 4, "position": "A3"}}, {"model": "miapi.trackrelease", "pk": 34, "fields": {"track": 34, "release": 4, "position": "A4"}}, {"model": "miapi.trackrelease", "pk": 35, "fields": {"track": 35, "release": 4, "position": "A5"}}, {"model": "miapi.trackrelease", "pk": 36, "fields": {"track": 36, "release": 4, "position": "A6"}}, {"model": "miapi.trackrelease", "pk": 37, "fields": {"track": 37, "release": 4, "position": "B1"}}, {"model": "miapi.trackrelease", "pk": 38, "fields": {"track": 13, "release": 4, "position": "B2"}}, {"model": "miapi.trackrelease", "pk": 39, "fields": {"track": 38, "release": 4, "position": "B3"}}, {"model": "miapi.trackrelease", "pk": 40, "fields": {"track": 1, "release": 4, "position": "B4"}}, {"model": "miapi.trackrelease", "pk": 41, "fields": {"track": 39, "release": 4, "position": "B5"}}, {"model": "miapi.trackrelease", "pk": 42, "fields": {"track": 9, "release": 4, "position": "B6"}}, {"model": "miapi.trackrelease", "pk": 43, "fields": {"track": 40, "release": 4, "position": "C1"}}, {"model": "miapi.trackrelease", "pk": 44, "fields": {"track": 41, "release": 4, "position": "C2"}}, {"model": "miapi.trackrelease", "pk": 45, "fields": {"track": 42, "release": 4, "position": "C3"}}, {"model": "miapi.trackrelease", "pk": 46, "fields": {"track": 3, "release": 4, "position": "C4"}}, {"model": "miapi.trackrelease", "pk": 47, "fields": {"track": 43, "release": 4, "position": "C5"}}, {"model": "miapi.trackrelease", "pk": 48, "fields": {"track": 14, "release": 4, "position": "C6"}}, {"model": "miapi.trackrelease", "pk": 49, "fields": {"track": 7, "release": 4, "position": "D1"}}, {"model": "miapi.trackrelease", "pk": 50, "fields": {"track": 44, "release": 4, "position": "D2"}}, {"model": "miapi.trackrelease", "pk": 51, "fields": {"track": 45, "release": 4, "position": "D3"}}, {"model": "miapi.trackrelease", "pk": 52, "fields": {"track": 10, "release": 4, "position": "D4"}}, {"model": "miapi.trackrelease", "pk": 53, "fields": {"track": 46, "release": 4, "position": "D5"}}, {"model": "miapi.trackrelease", "pk": 54, "fields": {"track": 47, "release": 4, "position": "D6"}}, {"model": "miapi.trackrelease", "pk": 55, "fields": {"track": 48, "release": 5, "position": "A1"}}, {"model": "miapi.trackrelease", "pk": 56, "fields": {"track": 49, "release": 5, "position": "A2"}}, {"model": "miapi.trackrelease", "pk": 57, "fields": {"track": 50, "release": 5, "position": "A3"}}, {"model": "miapi.trackrelease", "pk": 58, "fields": {"track": 51, "release": 5, "position": "A4"}}, {"model": "miapi.trackrelease", "pk": 59, "fields": {"track": 52, "release": 5, "position": "A5"}}, {"model": "miapi.trackrelease", "pk": 60, "fields": {"track": 53, "release": 5, "position": "B1"}}, {"model": "miapi.trackrelease", "pk": 61, "fields": {"track": 54, "release": 5, "position": "B2"}}, {"model": "miapi.trackrelease", "pk": 62, "fields": {"track": 55, "release": 5, "position": "B3"}}, {"model": "miapi.trackrelease", "pk": 63, "fields": {"track": 56, "release": 5, "position": "B4"}}, {"model": "miapi.trackrelease", "pk": 64, "fields": {"track": 57, "release": 5, "position": "B5"}}, {"model": "miapi.trackrelease", "pk": 65, "fields": {"track": 58, "release": 6, "position": "A1"}}, {"model": "miapi.trackrelease", "pk": 66, "fields": {"track": 59, "release": 6, "position": "A2"}}, {"model": "miapi.trackrelease", "pk": 67, "fields": {"track": 60, "release": 6, "position": "A3"}}, {"model": "miapi.trackrelease", "pk": 68, "fields": {"track": 61, "release": 6, "position": "A4"}}, {"model": "miapi.trackrelease", "pk": 69, "fields": {"track": 62, "release": 6, "position": "A5"}}, {"model": "miapi.trackrelease", "pk": 70, "fields": {"track": 63, "release": 6, "position": "B1"}}, {"model": "miapi.trackrelease", "pk": 71, "fields": {"track": 64, "release": 6, "position": "B2"}}, {"model": "miapi.trackrelease", "pk": 72, "fields": {"track": 65, "release": 6, "position": "B3"}}, {"model": "miapi.trackrelease", "pk": 73, "fields": {"track": 66, "release": 6, "position": "B4"}}, {"model": "miapi.trackrelease", "pk": 74, "fields": {"track": 67, "release": 6, "position": "B5"}}, {"model": "miapi.trackrelease", "pk": 75, "fields": {"track": 68, "release": 7, "position": "A1"}}, {"model": "miapi.trackrelease", "pk": 76, "fields": {"track": 69, "release": 7, "position": "A2"}}, {"model": "miapi.trackrelease", "pk": 77, "fields": {"track": 70, "release": 7, "position": "A3"}}, {"model": "miapi.trackrelease", "pk": 78, "fields": {"track": 71, "release": 7, "position": "A4"}}, {"model": "miapi.trackrelease", "pk": 79, "fields": {"track": 72, "release": 7, "position": "B1"}}, {"model": "miapi.trackrelease", "pk": 80, "fields": {"track": 73, "release": 7, "position": "B2"}}, {"model": "miapi.trackrelease", "pk": 81, "fields": {"track": 74, "release": 7, "position": "B3"}}, {"model": "miapi.trackrelease", "pk": 82, "fields": {"track": 75, "release": 7, "position": "B4"}}, {"model": "miapi.trackrelease", "pk": 83, "fields": {"track": 76, "release": 7, "position": "B5"}}, {"model": "miapi.trackrelease", "pk": 84, "fields": {"track": 77, "release": 8, "position": "A1"}}, {"model": "miapi.trackrelease", "pk": 85, "fields": {"track": 78, "release": 8, "position": "A2"}}, {"model": "miapi.trackrelease", "pk": 86, "fields": {"track": 79, "release": 8, "position": "A3"}}, {"model": "miapi.trackrelease", "pk": 87, "fields": {"track": 80, "release": 8, "position": "A4"}}, {"model": "miapi.trackrelease", "pk": 88, "fields": {"track": 81, "release": 8, "position": "B1"}}, {"model": "miapi.trackrelease", "pk": 89, "fields": {"track": 82, "release": 8, "position": "B2"}}, {"model": "miapi.trackrelease", "pk": 90, "fields": {"track": 83, "release": 8, "position": "B3"}}, {"model": "miapi.trackrelease", "pk": 91, "fields": {"track": 84, "release": 8, "position": "B4"}}, {"model": "miapi.trackrelease", "pk": 92, "fields": {"track": 85, "release": 9, "position": "A1"}}, {"model": "miapi.trackrelease", "pk": 93, "fields": {"track": 86, "release": 9, "position": "A2"}}, {"model": "miapi.trackrelease", "pk": 94, "fields": {"track": 87, "release": 9, "position": "A3"}}, {"model": "miapi.trackrelease", "pk": 95, "fields": {"track": 88, "release": 9, "position": "A4"}}, {"model": "miapi.trackrelease", "pk": 96, "fields": {"track": 89, "release": 9, "position": "A5"}}, {"model": "miapi.trackrelease", "pk": 97, "fields": {"track": 90, "release": 9, "position": "A6"}}, {"model": "miapi.trackrelease", "pk": 98, "fields": {"track": 91, "release": 9, "position": "B1"}}, {"model": "miapi.trackrelease", "pk": 99, "fields": {"track": 92, "release": 9, "position": "B2"}}, {"model": "miapi.trackrelease", "pk": 100, "fields": {"track": 93, "release": 9, "position": "B3"}}, {"model": "miapi.trackrelease", "pk": 101, "fields": {"track": 94, "release": 9, "position": "B4"}}, {"model": "miapi.trackrelease", "pk": 102, "fields": {"track": 95, "release": 9, "position": "B5"}}, {"model": "miapi.trackrelease", "pk": 103, "fields": {"track": 96, "release": 10, "position": "A1"}}, {"model": "miapi.trackrelease", "pk": 104, "fields": {"track": 97, "release": 10, "position": "A2"}}, {"model": "miapi.trackrelease", "pk": 105, "fields": {"track": 98, "release": 10, "position": "A3"}}, {"model": "miapi.trackrelease", "pk": 106, "fields": {"track": 99, "release": 10, "position": "A4"}}, {"model": "miapi.trackrelease", "pk": 107, "fields": {"track": 100, "release": 10, "position": "A5"}}, {"model": "miapi.trackrelease", "pk": 108, "fields": {"track": 101, "release": 10, "position": "B1"}}, {"model": "miapi.trackrelease", "pk": 109, "fields": {"track": 102, "release": 10, "position": "B2"}}, {"model": "miapi.trackrelease", "pk": 110, "fields": {"track": 103, "release": 10, "position": "B3"}}, {"model": "miapi.trackrelease", "pk": 111, "fields": {"track": 104, "release": 10, "position": "B4"}}, {"model": "miapi.trackrelease", "pk": 112, "fields": {"track": 105, "release": 10, "position": "C1"}}, {"model": "miapi.trackrelease", "pk": 113, "fields": {"track": 106, "release": 10, "position": "C2"}}, {"model": "miapi.trackrelease", "pk": 114, "fields": {"track": 92, "release": 10, "position": "C3"}}, {"model": "miapi.trackrelease", "pk": 115, "fields": {"track": 91, "release": 10, "position": "C4"}}, {"model": "miapi.trackrelease", "pk": 116, "fields": {"track": 107, "release": 10, "position": "C5"}}, {"model": "miapi.trackrelease", "pk": 117, "fields": {"track": 108, "release": 10, "position": "D1"}}, {"model": "miapi.trackrelease", "pk": 118, "fields": {"track": 109, "release": 10, "position": "D2"}}, {"model": "miapi.trackrelease", "pk": 119, "fields": {"track": 110, "release": 10, "position": "D3"}}, {"model": "miapi.trackrelease", "pk": 120, "fields": {"track": 111, "release": 10, "position": "D4"}}, {"model": "miapi.trackrelease", "pk": 121, "fields": {"track": 112, "release": 10, "position": "D5"}}, {"model": "miapi.trackrelease", "pk": 122, "fields": {"track": 113, "release": 11, "position": "A1"}}, {"model": "miapi.trackrelease", "pk": 123, "fields": {"track": 114, "release": 11, "position": "A2"}}, {"model": "miapi.trackrelease", "pk": 124, "fields": {"track": 115, "release": 11, "position": "B1"}}, {"model": "miapi.trackrelease", "pk": 125, "fields": {"track": 116, "release": 11, "position": "B2"}}, {"model": "miapi.trackrelease", "pk": 126, "fields": {"track": 117, "release": 12, "position": "A1"}}, {"model": "miapi.trackrelease", "pk": 127, "fields": {"track": 118, "release": 12, "position": "A2"}}, {"model": "miapi.trackrelease", "pk": 128, "fields": {"track": 119, "release": 12, "position": "A3"}}, {"model": "miapi.trackrelease", "pk": 129, "fields": {"track": 120, "release": 12, "position": "A4"}}, {"model": "miapi.trackrelease", "pk": 130, "fields": {"track": 121, "release": 12, "position": "A5"}}, {"model": "miapi.trackrelease", "pk": 131, "fields": {"track": 122, "release": 12, "position": "A6"}}, {"model": "miapi.trackrelease", "pk": 132, "fields": {"track": 123, "release": 12, "position": "A7"}}, {"model": "miapi.trackrelease", "pk": 133, "fields": {"track": 124, "release": 12, "position": "B1"}}, {"model": "miapi.trackrelease", "pk": 134, "fields": {"track": 125, "release": 12, "position": "B2"}}, {"model": "miapi.trackrelease", "pk": 135, "fields": {"track": 126, "release": 12, "position": "B3"}}, {"model": "miapi.trackrelease", "pk": 136, "fields": {"track": 127, "release": 12, "position": "B4"}}, {"model": "miapi.trackrelease", "pk": 137, "fields": {"track": 128, "release": 12, "position": "B5"}}, {"model": "miapi.trackrelease", "pk": 138, "fields": {"track": 129, "release": 12, "position": "B6"}}, {"model": "miapi.trackrelease", "pk": 139, "fields": {"track": 130, "release": 13, "position": "A"}}, {"model": "miapi.trackrelease", "pk": 140, "fields": {"track": 80, "release": 13, "position": "B"}}, {"model": "miapi.trackrelease", "pk": 141, "fields": {"track": 131, "release": 14, "position": "A1"}}, {"model": "miapi.trackrelease", "pk": 142, "fields": {"track": 132, "release": 14, "position": "A2"}}, {"model": "miapi.trackrelease", "pk": 143, "fields": {"track": 133, "release": 14, "position": "A3"}}, {"model": "miapi.trackrelease", "pk": 144, "fields": {"track": 134, "release": 14, "position": "A4"}}, {"model": "miapi.trackrelease", "pk": 145, "fields": {"track": 135, "release": 14, "position": "A5"}}, {"model": "miapi.trackrelease", "pk": 146, "fields": {"track": 136, "release": 14, "position": "B1"}}, {"model": "miapi.trackrelease", "pk": 147, "fields": {"track": 137, "release": 14, "position": "B2"}}, {"model": "miapi.trackrelease", "pk": 148, "fields": {"track": 138, "release": 14, "position": "B3"}}, {"model": "miapi.trackrelease", "pk": 149, "fields": {"track": 139, "release": 14, "position": "B4"}}]